<odoo>
    <data noupdate="1">


        <record id="f_multi_branches_access_contacts" model="ir.rule">
            <field name="name">Multi Branches Contact Access</field>
            <field name="model_id" ref="model_res_partner"/>
            <field name="perm_read" eval="True"/>
            <field name="perm_write" eval="True"/>
            <field name="perm_create" eval="True"/>
            <field name="perm_unlink" eval="True"/>
            <field name="domain_force">
                ['|',('f_related_branch.id','in',user.f_allowed_branches.ids),('f_related_branch','=',False)]
            </field>
        </record>


        <record id="f_multi_branches_access_sales" model="ir.rule">
            <field name="name">Multi Branches Sales Access</field>
            <field name="model_id" ref="model_sale_order"/>
            <field name="perm_read" eval="True"/>
            <field name="perm_write" eval="True"/>
            <field name="perm_create" eval="True"/>
            <field name="perm_unlink" eval="True"/>
            <field name="domain_force">
                ['|',('f_related_branch.id','in',user.f_allowed_branches.ids),('f_related_branch','=',False)]
            </field>
        </record>

        <record id="f_multi_branches_access_account_move"
                model="ir.rule">
            <field name="name">Multi Branches Account Move Access</field>
            <field name="model_id" ref="model_account_move"/>
            <field name="perm_read" eval="True"/>
            <field name="perm_write" eval="True"/>
            <field name="perm_create" eval="True"/>
            <field name="perm_unlink" eval="True"/>
            <field name="domain_force">
                ['|','|',('f_partner_branch_id.id','in',user.f_allowed_branches.ids),('f_related_branch','=',False),('f_partner_branch_id','=',False)]
            </field>
        </record>

        <record id="f_multi_branches_access_account_payment"
                model="ir.rule">
            <field name="name">Multi Branches Account Payment Access</field>
            <field name="model_id" ref="model_account_payment"/>
            <field name="perm_read" eval="True"/>
            <field name="perm_write" eval="True"/>
            <field name="perm_create" eval="True"/>
            <field name="perm_unlink" eval="True"/>
            <field name="domain_force">
                ['|',('f_related_branch.id','in',user.f_allowed_branches.ids),('f_related_branch','=',False)]
            </field>
        </record>

        <record id="f_multi_branches_access_stock_warehouse"
                model="ir.rule">
            <field name="name">Multi Branches Stock Warehouse</field>
            <field name="model_id" ref="model_stock_warehouse"/>
            <field name="perm_read" eval="True"/>
            <field name="perm_write" eval="True"/>
            <field name="perm_create" eval="True"/>
            <field name="perm_unlink" eval="True"/>
            <field name="domain_force">
                ['|',('f_related_branch.id','in',user.f_allowed_branches.ids),('f_related_branch','=',False)]
            </field>
        </record>

        <record id="f_multi_branches_access_stock_location"
                model="ir.rule">
            <field name="name">Multi Branches Stock Location</field>
            <field name="model_id" ref="model_stock_location"/>
            <field name="perm_read" eval="True"/>
            <field name="perm_write" eval="True"/>
            <field name="perm_create" eval="True"/>
            <field name="perm_unlink" eval="True"/>
            <field name="active" eval="False"/>
            <field name="domain_force">
                ['|',('f_related_branch.id','in',user.f_allowed_branches.ids),('f_related_branch','=',False)]
            </field>
        </record>


        <record id="f_multi_branches_access_purchase" model="ir.rule">
            <field name="name">Multi Branches Purchase Access</field>
            <field name="model_id" ref="model_purchase_order"/>
            <field name="perm_read" eval="True"/>
            <field name="perm_write" eval="True"/>
            <field name="perm_create" eval="True"/>
            <field name="perm_unlink" eval="True"/>
            <field name="domain_force">
                ['|',('f_related_branch.id','in',user.f_allowed_branches.ids),('f_related_branch','=',False)]
            </field>
        </record>

        <record id="f_multi_branches_access_stock_picking"
                model="ir.rule">
            <field name="name">Multi Branches Stock Picking Access</field>
            <field name="model_id" ref="model_stock_picking"/>
            <field name="perm_read" eval="True"/>
            <field name="perm_write" eval="True"/>
            <field name="perm_create" eval="True"/>
            <field name="perm_unlink" eval="True"/>
            <field name="domain_force">
                ['|',('f_related_branch.id','in',user.f_allowed_branches.ids),('f_related_branch','=',False)]
            </field>
        </record>


        <record id="f_multi_branches_access_stock_picking_type"
                model="ir.rule">
            <field name="name">Multi Branches Stock Picking Type Access</field>
            <field name="model_id" ref="model_stock_picking_type"/>
            <field name="perm_read" eval="True"/>
            <field name="perm_write" eval="True"/>
            <field name="perm_create" eval="True"/>
            <field name="perm_unlink" eval="True"/>
            <field name="domain_force">
                ['|',('f_related_branch.id','in',user.f_allowed_branches.ids),('f_related_branch','=',False)]
            </field>
        </record>

    </data>
</odoo>