<odoo>
    <data noupdate="1">
        <record model="ir.module.category" id="f_check_admin">
            <field name="name">Check Management Admin</field>
            <field name="sequence">17</field>

        </record>

        <record id="f_ceck_management_group_id" model="res.groups">
            <field name="name">Check Management Admin</field>
            <field name="category_id" ref="check_management.f_check_admin"/>
        </record>

        <record id="f_bypass_check_due_date_res" model="res.groups">
            <field name="name">Bypass Check Due Date Restriction</field>
            <field name="category_id" ref="check_management.f_check_admin"/>
        </record>


        <record id="f_bulk_check_seq" model="ir.sequence">
            <field name="name">f.bulk.check.seq</field>
            <field name="code">Bulk Checks Sequence</field>
            <field name="padding">6</field>
            <field name="company_id" eval="False"/>
        </record>


        <record id="f_check_action_deposit" model="f.check.action">
            <field name="f_code">deposit</field>
            <field name="f_action_name">Deposit</field>
            <field name="f_checks_type">inbound</field>
        </record>
        <record id="f_check_action_collect" model="f.check.action">
            <field name="f_code">collect</field>
            <field name="f_action_name">Collect</field>
            <field name="f_checks_type">inbound</field>
        </record>
        <record id="f_check_action_endorse" model="f.check.action">
            <field name="f_code">endorse</field>
            <field name="f_action_name">Endorse</field>
            <field name="f_checks_type">inbound</field>
        </record>
        <record id="f_check_action_bounce" model="f.check.action">
            <field name="f_code">bounce</field>
            <field name="f_action_name">Bounce</field>
            <field name="f_checks_type">inbound</field>
        </record>
        <record id="f_check_action_transfer" model="f.check.action">
            <field name="f_code">transfer</field>
            <field name="f_action_name">Transfer</field>
            <field name="f_checks_type">inbound</field>
        </record>
        <record id="f_check_action_return" model="f.check.action">
            <field name="f_code">return</field>
            <field name="f_action_name">Return</field>
            <field name="f_checks_type">inbound</field>
        </record>
        <record id="f_check_action_release" model="f.check.action">
            <field name="f_code">release</field>
            <field name="f_action_name">Release</field>
            <field name="f_checks_type">outbound</field>
        </record>
        <record id="f_check_action_v_return" model="f.check.action">
            <field name="f_code">v_return</field>
            <field name="f_action_name">Vendor Return</field>
            <field name="f_checks_type">outbound</field>
        </record>



    </data>
</odoo>
