<odoo>
	<data>

		 <record id="f_multi_branches_access_multi_payments" model="ir.rule">
			<field name="name">Multi Branches Multi Payments Access </field>
			<field name="model_id" ref="model_f_multi_payments" />
			<field name="perm_read" eval="True" />
			<field name="perm_write" eval="True" />
			<field name="perm_create" eval="True" />
			<field name="perm_unlink" eval="True" />
			<field name="domain_force">['|',('f_related_branch.id','in',user.f_allowed_branches.ids),('f_related_branch','=',False)]
			</field>
		</record> 

	</data>
</odoo>