<odoo>


         <record id="f_calc_multi_pay_agedchecks_update" model="base.automation">
            <field name="name">Calculate Multi Payment ChecksAged-update</field>
            <field name="model_id" ref="account.model_account_payment"/>
            <field name="trigger_field_ids" eval="[(6,0,[ ref('account.field_account_payment__state'), ref('account.field_account_payment__amount'), ref('check_management.field_account_payment__due_date')])]"/>
            <field name="state">code</field>
            <field name="code">
                record.f_calculate_totalagedchecks()
            </field>
            <field name="trigger">on_write</field>
            <field name="active" eval="True"/>
        </record>
</odoo>