<odoo>
    <data>
        <record model="ir.module.category" id="f_payment_admin">
            <field name="name">Payments Receipts Access Management</field>
            <field name="sequence">18</field>

        </record>

        <record id="f_payment_group_id" model="res.groups">
            <field name="name">Payment Special Access</field>
            <field name="category_id" ref="falak_multi_payments_base.f_payment_admin"/>
        </record>
        <record id="f_payment_reset_to_draft" model="res.groups">
            <field name="name">Reset To Draft</field>
            <field name="category_id" ref="falak_multi_payments_base.f_payment_admin"/>
        </record>

         <record id="f_payment_cancel" model="res.groups">
            <field name="name">Cancel</field>
            <field name="category_id" ref="falak_multi_payments_base.f_payment_admin"/>
        </record>
        <record id="f_payment_post" model="res.groups">
            <field name="name">Post</field>
            <field name="category_id" ref="falak_multi_payments_base.f_payment_admin"/>
        </record>
         <record id="f_payment_audit" model="res.groups">
            <field name="name">Audit</field>
            <field name="category_id" ref="falak_multi_payments_base.f_payment_admin"/>
        </record>

          <record id="f_payment_reset_to_draft_payment" model="res.groups">
            <field name="name">Payment Reset To Draft</field>
            <field name="category_id" ref="falak_multi_payments_base.f_payment_admin"/>
        </record>
    </data>
</odoo>
