<odoo>
	<!-- Add Access om original payment List -->
	<record id="f_account_payment_orogin_menu_access"
		model="res.groups">
		<field name="name">See Payments Menu</field>
		<field name="category_id" ref="falak_multi_payments_base.f_payment_admin" />
	</record>


	<record id="f_multipaycompany_private_access" model="ir.rule">
			<field name="name">Custom Multi payment company Private Access </field>
			<field name="model_id" ref="model_f_multi_payments" />
			<field name="domain_force">['|',('company_id', 'in', company_ids),('company_id','=', False)]
			</field>
		</record>
</odoo>
