<odoo>
	<data>
		<record id="f_multi_branches_access_pos_config" model="ir.rule">
			<field name="name">Multi Branches Pos Config Access </field>
			<field name="model_id" ref="model_pos_config" />
			<field name="perm_read" eval="True" />
			<field name="perm_write" eval="True" />
			<field name="perm_create" eval="True" />
			<field name="perm_unlink" eval="True" />
			<field name="domain_force">['|',('f_related_branch.id','in',user.f_allowed_branches.ids),('f_related_branch','=',False)]
			</field>
		</record>


		<record id="f_multi_branches_access_pos_order" model="ir.rule">
			<field name="name">Multi Branches Pos Order Access </field>
			<field name="model_id" ref="model_pos_order" />
			<field name="perm_read" eval="True" />
			<field name="perm_write" eval="True" />
			<field name="perm_create" eval="True" />
			<field name="perm_unlink" eval="True" />
			<field name="domain_force">['|',('f_related_branch.id','in',user.f_allowed_branches.ids),('f_related_branch','=',False)]
			</field>
		</record>

		<record id="f_multi_branches_access_pos_payment"
			model="ir.rule">
			<field name="name">Multi Branches Pos payment Access </field>
			<field name="model_id" ref="model_pos_payment" />
			<field name="perm_read" eval="True" />
			<field name="perm_write" eval="True" />
			<field name="perm_create" eval="True" />
			<field name="perm_unlink" eval="True" />
			<field name="domain_force">['|',('f_related_branch.id','in',user.f_allowed_branches.ids),('f_related_branch','=',False)]
			</field>
		</record>


	</data>
</odoo>