<odoo>
<!-- 	<data>
		<record id="f_multi_branches_internal_transfer_req_access" model="ir.rule">
			<field name="name">Multi Branches Internal Transfer Request Access </field>
			<field name="model_id" ref="model_f_internal_request_header" />
			<field name="perm_read" eval="True" />
			<field name="perm_write" eval="True" />
			<field name="perm_create" eval="True" />
			<field name="perm_unlink" eval="True" />
			<field name="domain_force">['|',('f_related_branch.id','in',user.f_allowed_branches.ids),('f_related_branch','=',False)]
			</field>
		</record>
	</data> -->
</odoo>