<odoo>
    <data >



        <record id="f_calc_multi_pay_total_create" model="base.automation">
            <field name="name">Calculate Multi Payment Total Create</field>
            <field name="model_id" ref="account.model_account_payment"/>
            <field name="trigger_field_ids" eval="[(6,0,[ ref('account.field_account_payment__state'), ref('account.field_account_payment__amount')])]"/>
            <field name="state">code</field>
            <field name="code">record.f_calculate_total_create()</field>
            <field name="trigger">on_create</field>
            <field name="active" eval="True"/>
        </record>

        <record id="f_calc_multi_pay_total_update" model="base.automation">
            <field name="name">Calculate Multi Payment Total-update</field>
            <field name="model_id" ref="account.model_account_payment"/>
            <field name="trigger_field_ids" eval="[(6,0,[ ref('account.field_account_payment__state'), ref('account.field_account_payment__amount')])]"/>
            <field name="state">code</field>
            <field name="code">
                record.f_calculate_total()
            </field>
            <field name="trigger">on_write</field>
            <field name="active" eval="True"/>
        </record>

        <record id="f_calc_multi_pay_total_delete" model="base.automation">
            <field name="name">Calculate Multi Payment Total-Delete</field>
            <field name="model_id" ref="account.model_account_payment"/>
            <field name="trigger_field_ids" eval="[(6,0,[ ref('account.field_account_payment__state'), ref('account.field_account_payment__amount')])]"/>
            <field name="state">code</field>
            <field name="code">
                record.f_calculate_total_delete()
            </field>
            <field name="trigger">on_unlink</field>
            <field name="active" eval="True"/>
        </record>

    </data>
</odoo>
