id,name,model_id:id,group_id:id,perm_read,perm_write,perm_create,perm_unlink
access_check_management_f_bank_branch,check_management.f_bank_branch,check_management.model_f_bank_branch,,1,1,1,1
access_check_management_cheque_wizard,check_management.cheque_wizard,check_management.model_cheque_wizard,,1,1,1,1
access_check_management_cheque_wizard_prepare,check_management.cheque_wizard_prepare,check_management.model_cheque_wizard_prepare,,1,1,1,1
access_check_management_f_bulk_checks,check_management.f_bulk_checks,check_management.model_f_bulk_checks,,1,1,1,0
access_check_management_f_check_action,check_management.f_check_action,check_management.model_f_check_action,,1,1,1,1
access_check_management_f_bulk_checks_report_wizard,check_management.f_bulk_checks_report_wizard,check_management.model_f_bulk_checks_report_wizard,,1,1,1,1
access_check_management_f_bank_conf,check_management.f_bank_conf,check_management.model_f_bank_conf,base.group_user,1,1,1,1

